<?xml version="1.0" encoding="UTF-8" ?>
<!DOCTYPE mapper PUBLIC "-//mybatis.org//DTD Mapper 3.0//EN" 
	"http://mybatis.org/dtd/mybatis-3-mapper.dtd">

<mapper namespace="com.ssafy.member.model.mapper.MemberMapper">

	<resultMap type="memberDto" id="member">
		<result column="user_id" property="userId"/>
		<result column="user_name" property="userName"/>
	</resultMap>
	
	<resultMap type="memberDto" id="memberAll" extends="member">
		<result column="user_password" property="userPwd"/>
		<result column="email_id" property="emailId"/>
		<result column="email_domain" property="emailDomain"/>
		<result column="join_date" property="joinDate"/>
		<result column="admin" property="admin"/>
	</resultMap>

	<select id="idCheck" resultType="int">
		select count(user_id)
		from members
		where user_id = #{userId}
	</select>

	<insert id="joinMember">
		insert into members (user_name, user_id, user_password, email_id, email_domain, join_date, admin)
		values (#{userName}, #{userId}, #{userPwd}, #{emailId}, #{emailDomain}, now(), 0);
	</insert>

	<select id="loginMember" resultMap="member">
		select user_id, user_name, admin
		from members
		where user_id = #{userId} and user_password = #{userPwd}
	</select>
	
	<select id="listMember" resultMap="memberAll">
		SELECT user_name, user_id, user_password, email_id, email_domain, join_date
		FROM members
		ORDER BY join_date
	</select>
	
	<select id="getMember" resultMap="memberAll">
		SELECT user_name, user_id, user_password, email_id, email_domain, join_date
		FROM members
		WHERE user_id = #{userId}
	</select>
	
	<update id="updateMember">
		UPDATE members
		<trim prefix="set" suffixOverrides=",">
			<if test="userPwd != null">user_password = #{userPwd},</if>
			<if test="emailId != null">email_id = #{emailId},</if>
			<if test="emailDomain != null">email_domain = #{emailDomain},</if>
		</trim>
		WHERE user_id = #{userId}
	</update>
	
	<delete id="deleteMember">
		DELETE
		FROM members
		WHERE user_id = #{userId}
	</delete>
	
</mapper>